{"cameraMode":{"drawMode":0,"name":"Shaded","section":"Shading Mode"},"sceneLighting":false,"audioPlay":false,"sceneViewState":{"m_AlwaysRefresh":true,"showFog":true,"showSkybox":false,"showFlares":true,"showImageEffects":true,"showParticleSystems":true,"showVisualEffectGraphs":true,"m_FxEnabled":true},"in2DMode":false,"pivot":{"x":3.1427669525146486,"y":1.633063554763794,"z":28.25242805480957},"rotation":{"x":0.07047783583402634,"y":-0.5410155653953552,"z":0.04552808776497841,"w":0.8368508815765381},"size":1.7082489728927613,"orthographic":false}