{"cameraMode":{"drawMode":0,"name":"Shaded","section":"Shading Mode"},"sceneLighting":true,"audioPlay":false,"sceneViewState":{"m_AlwaysRefresh":true,"showFog":true,"showSkybox":true,"showFlares":true,"showImageEffects":true,"showParticleSystems":true,"showVisualEffectGraphs":true,"m_FxEnabled":true},"in2DMode":false,"pivot":{"x":-0.10001158714294434,"y":1.5559158325195313,"z":-14.846463203430176},"rotation":{"x":0.15903940796852113,"y":0.6744857430458069,"z":-0.1522853523492813,"w":0.7047470808029175},"size":2.939758062362671,"orthographic":false}