{"cameraMode":{"drawMode":0,"name":"Shaded","section":"Shading Mode"},"sceneLighting":false,"audioPlay":false,"sceneViewState":{"m_AlwaysRefresh":true,"showFog":true,"showSkybox":false,"showFlares":true,"showImageEffects":true,"showParticleSystems":true,"showVisualEffectGraphs":true,"m_FxEnabled":true},"in2DMode":false,"pivot":{"x":-5.250174045562744,"y":1.702674388885498,"z":74.73285675048828},"rotation":{"x":0.014962169341742993,"y":-0.07527173310518265,"z":0.0010807540966197849,"w":0.9971015453338623},"size":21.27666473388672,"orthographic":false}